Total Nacional;Comunidades y Ciudades Autónomas;Sexo;Tipo de centro;Habilidades TIC;Total
Total Nacional;;Ambos sexos;Total;Total;327.916
Total Nacional;;Ambos sexos;Total;Usuario experto;54.220
Total Nacional;;Ambos sexos;Total;Usuario de nivel avanzado;203.710
Total Nacional;;Ambos sexos;Total;Usuario de nivel básico;68.184
Total Nacional;;Ambos sexos;Total;No usuario de las TIC;626
Total Nacional;;Ambos sexos;Total;No consta;1.177
Total Nacional;;Ambos sexos;Centro Público;Total;203.592
Total Nacional;;Ambos sexos;Centro Público;Usuario experto;33.504
Total Nacional;;Ambos sexos;Centro Público;Usuario de nivel avanzado;122.252
Total Nacional;;Ambos sexos;Centro Público;Usuario de nivel básico;46.661
Total Nacional;;Ambos sexos;Centro Público;No usuario de las TIC;448
Total Nacional;;Ambos sexos;Centro Público;No consta;727
Total Nacional;;Ambos sexos;Centro Privado;Total;124.324
Total Nacional;;Ambos sexos;Centro Privado;Usuario experto;20.716
Total Nacional;;Ambos sexos;Centro Privado;Usuario de nivel avanzado;81.458
Total Nacional;;Ambos sexos;Centro Privado;Usuario de nivel básico;21.523
Total Nacional;;Ambos sexos;Centro Privado;No usuario de las TIC;178
Total Nacional;;Ambos sexos;Centro Privado;No consta;449
Total Nacional;;Hombres;Total;Total;158.256
Total Nacional;;Hombres;Total;Usuario experto;40.504
Total Nacional;;Hombres;Total;Usuario de nivel avanzado;90.379
Total Nacional;;Hombres;Total;Usuario de nivel básico;26.060
Total Nacional;;Hombres;Total;No usuario de las TIC;626
Total Nacional;;Hombres;Total;No consta;686
Total Nacional;;Hombres;Centro Público;Total;96.954
Total Nacional;;Hombres;Centro Público;Usuario experto;24.986
Total Nacional;;Hombres;Centro Público;Usuario de nivel avanzado;52.894
Total Nacional;;Hombres;Centro Público;Usuario de nivel básico;18.181
Total Nacional;;Hombres;Centro Público;No usuario de las TIC;448
Total Nacional;;Hombres;Centro Público;No consta;445
Total Nacional;;Hombres;Centro Privado;Total;61.302
Total Nacional;;Hombres;Centro Privado;Usuario experto;15.518
Total Nacional;;Hombres;Centro Privado;Usuario de nivel avanzado;37.485
Total Nacional;;Hombres;Centro Privado;Usuario de nivel básico;7.879
Total Nacional;;Hombres;Centro Privado;No usuario de las TIC;178
Total Nacional;;Hombres;Centro Privado;No consta;242
Total Nacional;;Mujeres;Total;Total;169.660
Total Nacional;;Mujeres;Total;Usuario experto;13.716
Total Nacional;;Mujeres;Total;Usuario de nivel avanzado;113.331
Total Nacional;;Mujeres;Total;Usuario de nivel básico;42.124
Total Nacional;;Mujeres;Total;No usuario de las TIC;0
Total Nacional;;Mujeres;Total;No consta;490
Total Nacional;;Mujeres;Centro Público;Total;106.638
Total Nacional;;Mujeres;Centro Público;Usuario experto;8.518
Total Nacional;;Mujeres;Centro Público;Usuario de nivel avanzado;69.358
Total Nacional;;Mujeres;Centro Público;Usuario de nivel básico;28.480
Total Nacional;;Mujeres;Centro Público;No usuario de las TIC;0
Total Nacional;;Mujeres;Centro Público;No consta;282
Total Nacional;;Mujeres;Centro Privado;Total;63.022
Total Nacional;;Mujeres;Centro Privado;Usuario experto;5.198
Total Nacional;;Mujeres;Centro Privado;Usuario de nivel avanzado;43.973
Total Nacional;;Mujeres;Centro Privado;Usuario de nivel básico;13.644
Total Nacional;;Mujeres;Centro Privado;No usuario de las TIC;0
Total Nacional;;Mujeres;Centro Privado;No consta;208
Total Nacional;01 Andalucía;Ambos sexos;Total;Total;64.118
Total Nacional;01 Andalucía;Ambos sexos;Total;Usuario experto;9.806
Total Nacional;01 Andalucía;Ambos sexos;Total;Usuario de nivel avanzado;36.629
Total Nacional;01 Andalucía;Ambos sexos;Total;Usuario de nivel básico;17.428
Total Nacional;01 Andalucía;Ambos sexos;Total;No usuario de las TIC;164
Total Nacional;01 Andalucía;Ambos sexos;Total;No consta;92
Total Nacional;01 Andalucía;Ambos sexos;Centro Público;Total;46.082
Total Nacional;01 Andalucía;Ambos sexos;Centro Público;Usuario experto;6.780
Total Nacional;01 Andalucía;Ambos sexos;Centro Público;Usuario de nivel avanzado;25.869
Total Nacional;01 Andalucía;Ambos sexos;Centro Público;Usuario de nivel básico;13.269
Total Nacional;01 Andalucía;Ambos sexos;Centro Público;No usuario de las TIC;164
Total Nacional;01 Andalucía;Ambos sexos;Centro Público;No consta;0
Total Nacional;01 Andalucía;Ambos sexos;Centro Privado;Total;18.036
Total Nacional;01 Andalucía;Ambos sexos;Centro Privado;Usuario experto;3.025
Total Nacional;01 Andalucía;Ambos sexos;Centro Privado;Usuario de nivel avanzado;10.760
Total Nacional;01 Andalucía;Ambos sexos;Centro Privado;Usuario de nivel básico;4.159
Total Nacional;01 Andalucía;Ambos sexos;Centro Privado;No usuario de las TIC;0
Total Nacional;01 Andalucía;Ambos sexos;Centro Privado;No consta;92
Total Nacional;01 Andalucía;Hombres;Total;Total;30.459
Total Nacional;01 Andalucía;Hombres;Total;Usuario experto;6.073
Total Nacional;01 Andalucía;Hombres;Total;Usuario de nivel avanzado;16.663
Total Nacional;01 Andalucía;Hombres;Total;Usuario de nivel básico;7.467
Total Nacional;01 Andalucía;Hombres;Total;No usuario de las TIC;164
Total Nacional;01 Andalucía;Hombres;Total;No consta;92
Total Nacional;01 Andalucía;Hombres;Centro Público;Total;21.692
Total Nacional;01 Andalucía;Hombres;Centro Público;Usuario experto;4.526
Total Nacional;01 Andalucía;Hombres;Centro Público;Usuario de nivel avanzado;11.434
Total Nacional;01 Andalucía;Hombres;Centro Público;Usuario de nivel básico;5.568
Total Nacional;01 Andalucía;Hombres;Centro Público;No usuario de las TIC;164
Total Nacional;01 Andalucía;Hombres;Centro Público;No consta;0
Total Nacional;01 Andalucía;Hombres;Centro Privado;Total;8.767
Total Nacional;01 Andalucía;Hombres;Centro Privado;Usuario experto;1.548
Total Nacional;01 Andalucía;Hombres;Centro Privado;Usuario de nivel avanzado;5.229
Total Nacional;01 Andalucía;Hombres;Centro Privado;Usuario de nivel básico;1.899
Total Nacional;01 Andalucía;Hombres;Centro Privado;No usuario de las TIC;0
Total Nacional;01 Andalucía;Hombres;Centro Privado;No consta;92
Total Nacional;01 Andalucía;Mujeres;Total;Total;33.659
Total Nacional;01 Andalucía;Mujeres;Total;Usuario experto;3.732
Total Nacional;01 Andalucía;Mujeres;Total;Usuario de nivel avanzado;19.966
Total Nacional;01 Andalucía;Mujeres;Total;Usuario de nivel básico;9.961
Total Nacional;01 Andalucía;Mujeres;Total;No usuario de las TIC;0
Total Nacional;01 Andalucía;Mujeres;Total;No consta;0
Total Nacional;01 Andalucía;Mujeres;Centro Público;Total;24.390
Total Nacional;01 Andalucía;Mujeres;Centro Público;Usuario experto;2.255
Total Nacional;01 Andalucía;Mujeres;Centro Público;Usuario de nivel avanzado;14.435
Total Nacional;01 Andalucía;Mujeres;Centro Público;Usuario de nivel básico;7.701
Total Nacional;01 Andalucía;Mujeres;Centro Público;No usuario de las TIC;0
Total Nacional;01 Andalucía;Mujeres;Centro Público;No consta;0
Total Nacional;01 Andalucía;Mujeres;Centro Privado;Total;9.269
Total Nacional;01 Andalucía;Mujeres;Centro Privado;Usuario experto;1.478
Total Nacional;01 Andalucía;Mujeres;Centro Privado;Usuario de nivel avanzado;5.531
Total Nacional;01 Andalucía;Mujeres;Centro Privado;Usuario de nivel básico;2.260
Total Nacional;01 Andalucía;Mujeres;Centro Privado;No usuario de las TIC;0
Total Nacional;01 Andalucía;Mujeres;Centro Privado;No consta;0
Total Nacional;02 Aragón;Ambos sexos;Total;Total;8.629
Total Nacional;02 Aragón;Ambos sexos;Total;Usuario experto;1.279
Total Nacional;02 Aragón;Ambos sexos;Total;Usuario de nivel avanzado;5.487
Total Nacional;02 Aragón;Ambos sexos;Total;Usuario de nivel básico;1.752
Total Nacional;02 Aragón;Ambos sexos;Total;No usuario de las TIC;0
Total Nacional;02 Aragón;Ambos sexos;Total;No consta;110
Total Nacional;02 Aragón;Ambos sexos;Centro Público;Total;5.267
Total Nacional;02 Aragón;Ambos sexos;Centro Público;Usuario experto;703
Total Nacional;02 Aragón;Ambos sexos;Centro Público;Usuario de nivel avanzado;3.615
Total Nacional;02 Aragón;Ambos sexos;Centro Público;Usuario de nivel básico;921
Total Nacional;02 Aragón;Ambos sexos;Centro Público;No usuario de las TIC;0
Total Nacional;02 Aragón;Ambos sexos;Centro Público;No consta;29
Total Nacional;02 Aragón;Ambos sexos;Centro Privado;Total;3.362
Total Nacional;02 Aragón;Ambos sexos;Centro Privado;Usuario experto;577
Total Nacional;02 Aragón;Ambos sexos;Centro Privado;Usuario de nivel avanzado;1.873
Total Nacional;02 Aragón;Ambos sexos;Centro Privado;Usuario de nivel básico;831
Total Nacional;02 Aragón;Ambos sexos;Centro Privado;No usuario de las TIC;0
Total Nacional;02 Aragón;Ambos sexos;Centro Privado;No consta;81
Total Nacional;02 Aragón;Hombres;Total;Total;4.302
Total Nacional;02 Aragón;Hombres;Total;Usuario experto;1.039
Total Nacional;02 Aragón;Hombres;Total;Usuario de nivel avanzado;2.552
Total Nacional;02 Aragón;Hombres;Total;Usuario de nivel básico;661
Total Nacional;02 Aragón;Hombres;Total;No usuario de las TIC;0
Total Nacional;02 Aragón;Hombres;Total;No consta;50
Total Nacional;02 Aragón;Hombres;Centro Público;Total;2.620
Total Nacional;02 Aragón;Hombres;Centro Público;Usuario experto;582
Total Nacional;02 Aragón;Hombres;Centro Público;Usuario de nivel avanzado;1.659
Total Nacional;02 Aragón;Hombres;Centro Público;Usuario de nivel básico;349
Total Nacional;02 Aragón;Hombres;Centro Público;No usuario de las TIC;0
Total Nacional;02 Aragón;Hombres;Centro Público;No consta;29
Total Nacional;02 Aragón;Hombres;Centro Privado;Total;1.682
Total Nacional;02 Aragón;Hombres;Centro Privado;Usuario experto;457
Total Nacional;02 Aragón;Hombres;Centro Privado;Usuario de nivel avanzado;893
Total Nacional;02 Aragón;Hombres;Centro Privado;Usuario de nivel básico;311
Total Nacional;02 Aragón;Hombres;Centro Privado;No usuario de las TIC;0
Total Nacional;02 Aragón;Hombres;Centro Privado;No consta;21
Total Nacional;02 Aragón;Mujeres;Total;Total;4.327
Total Nacional;02 Aragón;Mujeres;Total;Usuario experto;240
Total Nacional;02 Aragón;Mujeres;Total;Usuario de nivel avanzado;2.935
Total Nacional;02 Aragón;Mujeres;Total;Usuario de nivel básico;1.092
Total Nacional;02 Aragón;Mujeres;Total;No usuario de las TIC;0
Total Nacional;02 Aragón;Mujeres;Total;No consta;60
Total Nacional;02 Aragón;Mujeres;Centro Público;Total;2.647
Total Nacional;02 Aragón;Mujeres;Centro Público;Usuario experto;120
Total Nacional;02 Aragón;Mujeres;Centro Público;Usuario de nivel avanzado;1.955
Total Nacional;02 Aragón;Mujeres;Centro Público;Usuario de nivel básico;572
Total Nacional;02 Aragón;Mujeres;Centro Público;No usuario de las TIC;0
Total Nacional;02 Aragón;Mujeres;Centro Público;No consta;0
Total Nacional;02 Aragón;Mujeres;Centro Privado;Total;1.680
Total Nacional;02 Aragón;Mujeres;Centro Privado;Usuario experto;120
Total Nacional;02 Aragón;Mujeres;Centro Privado;Usuario de nivel avanzado;980
Total Nacional;02 Aragón;Mujeres;Centro Privado;Usuario de nivel básico;520
Total Nacional;02 Aragón;Mujeres;Centro Privado;No usuario de las TIC;0
Total Nacional;02 Aragón;Mujeres;Centro Privado;No consta;60
Total Nacional;03 Asturias, Principado de;Ambos sexos;Total;Total;6.244
Total Nacional;03 Asturias, Principado de;Ambos sexos;Total;Usuario experto;1.041
Total Nacional;03 Asturias, Principado de;Ambos sexos;Total;Usuario de nivel avanzado;3.832
Total Nacional;03 Asturias, Principado de;Ambos sexos;Total;Usuario de nivel básico;1.349
Total Nacional;03 Asturias, Principado de;Ambos sexos;Total;No usuario de las TIC;22
Total Nacional;03 Asturias, Principado de;Ambos sexos;Total;No consta;0
Total Nacional;03 Asturias, Principado de;Ambos sexos;Centro Público;Total;3.956
Total Nacional;03 Asturias, Principado de;Ambos sexos;Centro Público;Usuario experto;743
Total Nacional;03 Asturias, Principado de;Ambos sexos;Centro Público;Usuario de nivel avanzado;2.309
Total Nacional;03 Asturias, Principado de;Ambos sexos;Centro Público;Usuario de nivel básico;882
Total Nacional;03 Asturias, Principado de;Ambos sexos;Centro Público;No usuario de las TIC;22
Total Nacional;03 Asturias, Principado de;Ambos sexos;Centro Público;No consta;0
Total Nacional;03 Asturias, Principado de;Ambos sexos;Centro Privado;Total;2.288
Total Nacional;03 Asturias, Principado de;Ambos sexos;Centro Privado;Usuario experto;298
Total Nacional;03 Asturias, Principado de;Ambos sexos;Centro Privado;Usuario de nivel avanzado;1.523
Total Nacional;03 Asturias, Principado de;Ambos sexos;Centro Privado;Usuario de nivel básico;467
Total Nacional;03 Asturias, Principado de;Ambos sexos;Centro Privado;No usuario de las TIC;0
Total Nacional;03 Asturias, Principado de;Ambos sexos;Centro Privado;No consta;0
Total Nacional;03 Asturias, Principado de;Hombres;Total;Total;3.045
Total Nacional;03 Asturias, Principado de;Hombres;Total;Usuario experto;780
Total Nacional;03 Asturias, Principado de;Hombres;Total;Usuario de nivel avanzado;1.765
Total Nacional;03 Asturias, Principado de;Hombres;Total;Usuario de nivel básico;478
Total Nacional;03 Asturias, Principado de;Hombres;Total;No usuario de las TIC;22
Total Nacional;03 Asturias, Principado de;Hombres;Total;No consta;0
Total Nacional;03 Asturias, Principado de;Hombres;Centro Público;Total;1.916
Total Nacional;03 Asturias, Principado de;Hombres;Centro Público;Usuario experto;530
Total Nacional;03 Asturias, Principado de;Hombres;Centro Público;Usuario de nivel avanzado;1.099
Total Nacional;03 Asturias, Principado de;Hombres;Centro Público;Usuario de nivel básico;265
Total Nacional;03 Asturias, Principado de;Hombres;Centro Público;No usuario de las TIC;22
Total Nacional;03 Asturias, Principado de;Hombres;Centro Público;No consta;0
Total Nacional;03 Asturias, Principado de;Hombres;Centro Privado;Total;1.129
Total Nacional;03 Asturias, Principado de;Hombres;Centro Privado;Usuario experto;250
Total Nacional;03 Asturias, Principado de;Hombres;Centro Privado;Usuario de nivel avanzado;666
Total Nacional;03 Asturias, Principado de;Hombres;Centro Privado;Usuario de nivel básico;213
Total Nacional;03 Asturias, Principado de;Hombres;Centro Privado;No usuario de las TIC;0
Total Nacional;03 Asturias, Principado de;Hombres;Centro Privado;No consta;0
Total Nacional;03 Asturias, Principado de;Mujeres;Total;Total;3.199
Total Nacional;03 Asturias, Principado de;Mujeres;Total;Usuario experto;261
Total Nacional;03 Asturias, Principado de;Mujeres;Total;Usuario de nivel avanzado;2.067
Total Nacional;03 Asturias, Principado de;Mujeres;Total;Usuario de nivel básico;871
Total Nacional;03 Asturias, Principado de;Mujeres;Total;No usuario de las TIC;0
Total Nacional;03 Asturias, Principado de;Mujeres;Total;No consta;0
Total Nacional;03 Asturias, Principado de;Mujeres;Centro Público;Total;2.040
Total Nacional;03 Asturias, Principado de;Mujeres;Centro Público;Usuario experto;213
Total Nacional;03 Asturias, Principado de;Mujeres;Centro Público;Usuario de nivel avanzado;1.210
Total Nacional;03 Asturias, Principado de;Mujeres;Centro Público;Usuario de nivel básico;617
Total Nacional;03 Asturias, Principado de;Mujeres;Centro Público;No usuario de las TIC;0
Total Nacional;03 Asturias, Principado de;Mujeres;Centro Público;No consta;0
Total Nacional;03 Asturias, Principado de;Mujeres;Centro Privado;Total;1.159
Total Nacional;03 Asturias, Principado de;Mujeres;Centro Privado;Usuario experto;48
Total Nacional;03 Asturias, Principado de;Mujeres;Centro Privado;Usuario de nivel avanzado;857
Total Nacional;03 Asturias, Principado de;Mujeres;Centro Privado;Usuario de nivel básico;254
Total Nacional;03 Asturias, Principado de;Mujeres;Centro Privado;No usuario de las TIC;0
Total Nacional;03 Asturias, Principado de;Mujeres;Centro Privado;No consta;0
Total Nacional;04 Balears, Illes;Ambos sexos;Total;Total;7.177
Total Nacional;04 Balears, Illes;Ambos sexos;Total;Usuario experto;1.061
Total Nacional;04 Balears, Illes;Ambos sexos;Total;Usuario de nivel avanzado;4.510
Total Nacional;04 Balears, Illes;Ambos sexos;Total;Usuario de nivel básico;1.567
Total Nacional;04 Balears, Illes;Ambos sexos;Total;No usuario de las TIC;0
Total Nacional;04 Balears, Illes;Ambos sexos;Total;No consta;39
Total Nacional;04 Balears, Illes;Ambos sexos;Centro Público;Total;4.017
Total Nacional;04 Balears, Illes;Ambos sexos;Centro Público;Usuario experto;609
Total Nacional;04 Balears, Illes;Ambos sexos;Centro Público;Usuario de nivel avanzado;2.411
Total Nacional;04 Balears, Illes;Ambos sexos;Centro Público;Usuario de nivel básico;997
Total Nacional;04 Balears, Illes;Ambos sexos;Centro Público;No usuario de las TIC;0
Total Nacional;04 Balears, Illes;Ambos sexos;Centro Público;No consta;0
Total Nacional;04 Balears, Illes;Ambos sexos;Centro Privado;Total;3.160
Total Nacional;04 Balears, Illes;Ambos sexos;Centro Privado;Usuario experto;452
Total Nacional;04 Balears, Illes;Ambos sexos;Centro Privado;Usuario de nivel avanzado;2.099
Total Nacional;04 Balears, Illes;Ambos sexos;Centro Privado;Usuario de nivel básico;570
Total Nacional;04 Balears, Illes;Ambos sexos;Centro Privado;No usuario de las TIC;0
Total Nacional;04 Balears, Illes;Ambos sexos;Centro Privado;No consta;39
Total Nacional;04 Balears, Illes;Hombres;Total;Total;3.424
Total Nacional;04 Balears, Illes;Hombres;Total;Usuario experto;790
Total Nacional;04 Balears, Illes;Hombres;Total;Usuario de nivel avanzado;1.973
Total Nacional;04 Balears, Illes;Hombres;Total;Usuario de nivel básico;622
Total Nacional;04 Balears, Illes;Hombres;Total;No usuario de las TIC;0
Total Nacional;04 Balears, Illes;Hombres;Total;No consta;39
Total Nacional;04 Balears, Illes;Hombres;Centro Público;Total;1.889
Total Nacional;04 Balears, Illes;Hombres;Centro Público;Usuario experto;455
Total Nacional;04 Balears, Illes;Hombres;Centro Público;Usuario de nivel avanzado;1.028
Total Nacional;04 Balears, Illes;Hombres;Centro Público;Usuario de nivel básico;406
Total Nacional;04 Balears, Illes;Hombres;Centro Público;No usuario de las TIC;0
Total Nacional;04 Balears, Illes;Hombres;Centro Público;No consta;0
Total Nacional;04 Balears, Illes;Hombres;Centro Privado;Total;1.535
Total Nacional;04 Balears, Illes;Hombres;Centro Privado;Usuario experto;335
Total Nacional;04 Balears, Illes;Hombres;Centro Privado;Usuario de nivel avanzado;945
Total Nacional;04 Balears, Illes;Hombres;Centro Privado;Usuario de nivel básico;216
Total Nacional;04 Balears, Illes;Hombres;Centro Privado;No usuario de las TIC;0
Total Nacional;04 Balears, Illes;Hombres;Centro Privado;No consta;39
Total Nacional;04 Balears, Illes;Mujeres;Total;Total;3.753
Total Nacional;04 Balears, Illes;Mujeres;Total;Usuario experto;272
Total Nacional;04 Balears, Illes;Mujeres;Total;Usuario de nivel avanzado;2.537
Total Nacional;04 Balears, Illes;Mujeres;Total;Usuario de nivel básico;944
Total Nacional;04 Balears, Illes;Mujeres;Total;No usuario de las TIC;0
Total Nacional;04 Balears, Illes;Mujeres;Total;No consta;0
Total Nacional;04 Balears, Illes;Mujeres;Centro Público;Total;2.128
Total Nacional;04 Balears, Illes;Mujeres;Centro Público;Usuario experto;154
Total Nacional;04 Balears, Illes;Mujeres;Centro Público;Usuario de nivel avanzado;1.383
Total Nacional;04 Balears, Illes;Mujeres;Centro Público;Usuario de nivel básico;591
Total Nacional;04 Balears, Illes;Mujeres;Centro Público;No usuario de las TIC;0
Total Nacional;04 Balears, Illes;Mujeres;Centro Público;No consta;0
Total Nacional;04 Balears, Illes;Mujeres;Centro Privado;Total;1.625
Total Nacional;04 Balears, Illes;Mujeres;Centro Privado;Usuario experto;118
Total Nacional;04 Balears, Illes;Mujeres;Centro Privado;Usuario de nivel avanzado;1.154
Total Nacional;04 Balears, Illes;Mujeres;Centro Privado;Usuario de nivel básico;353
Total Nacional;04 Balears, Illes;Mujeres;Centro Privado;No usuario de las TIC;0
Total Nacional;04 Balears, Illes;Mujeres;Centro Privado;No consta;0
Total Nacional;05 Canarias;Ambos sexos;Total;Total;15.448
Total Nacional;05 Canarias;Ambos sexos;Total;Usuario experto;2.063
Total Nacional;05 Canarias;Ambos sexos;Total;Usuario de nivel avanzado;9.223
Total Nacional;05 Canarias;Ambos sexos;Total;Usuario de nivel básico;4.161
Total Nacional;05 Canarias;Ambos sexos;Total;No usuario de las TIC;0
Total Nacional;05 Canarias;Ambos sexos;Total;No consta;0
Total Nacional;05 Canarias;Ambos sexos;Centro Público;Total;11.458
Total Nacional;05 Canarias;Ambos sexos;Centro Público;Usuario experto;1.759
Total Nacional;05 Canarias;Ambos sexos;Centro Público;Usuario de nivel avanzado;6.516
Total Nacional;05 Canarias;Ambos sexos;Centro Público;Usuario de nivel básico;3.183
Total Nacional;05 Canarias;Ambos sexos;Centro Público;No usuario de las TIC;0
Total Nacional;05 Canarias;Ambos sexos;Centro Público;No consta;0
Total Nacional;05 Canarias;Ambos sexos;Centro Privado;Total;3.990
Total Nacional;05 Canarias;Ambos sexos;Centro Privado;Usuario experto;304
Total Nacional;05 Canarias;Ambos sexos;Centro Privado;Usuario de nivel avanzado;2.707
Total Nacional;05 Canarias;Ambos sexos;Centro Privado;Usuario de nivel básico;979
Total Nacional;05 Canarias;Ambos sexos;Centro Privado;No usuario de las TIC;0
Total Nacional;05 Canarias;Ambos sexos;Centro Privado;No consta;0
Total Nacional;05 Canarias;Hombres;Total;Total;7.439
Total Nacional;05 Canarias;Hombres;Total;Usuario experto;1.847
Total Nacional;05 Canarias;Hombres;Total;Usuario de nivel avanzado;3.967
Total Nacional;05 Canarias;Hombres;Total;Usuario de nivel básico;1.625
Total Nacional;05 Canarias;Hombres;Total;No usuario de las TIC;0
Total Nacional;05 Canarias;Hombres;Total;No consta;0
Total Nacional;05 Canarias;Hombres;Centro Público;Total;5.497
Total Nacional;05 Canarias;Hombres;Centro Público;Usuario experto;1.608
Total Nacional;05 Canarias;Hombres;Centro Público;Usuario de nivel avanzado;2.592
Total Nacional;05 Canarias;Hombres;Centro Público;Usuario de nivel básico;1.296
Total Nacional;05 Canarias;Hombres;Centro Público;No usuario de las TIC;0
Total Nacional;05 Canarias;Hombres;Centro Público;No consta;0
Total Nacional;05 Canarias;Hombres;Centro Privado;Total;1.942
Total Nacional;05 Canarias;Hombres;Centro Privado;Usuario experto;239
Total Nacional;05 Canarias;Hombres;Centro Privado;Usuario de nivel avanzado;1.374
Total Nacional;05 Canarias;Hombres;Centro Privado;Usuario de nivel básico;329
Total Nacional;05 Canarias;Hombres;Centro Privado;No usuario de las TIC;0
Total Nacional;05 Canarias;Hombres;Centro Privado;No consta;0
Total Nacional;05 Canarias;Mujeres;Total;Total;8.009
Total Nacional;05 Canarias;Mujeres;Total;Usuario experto;216
Total Nacional;05 Canarias;Mujeres;Total;Usuario de nivel avanzado;5.257
Total Nacional;05 Canarias;Mujeres;Total;Usuario de nivel básico;2.537
Total Nacional;05 Canarias;Mujeres;Total;No usuario de las TIC;0
Total Nacional;05 Canarias;Mujeres;Total;No consta;0
Total Nacional;05 Canarias;Mujeres;Centro Público;Total;5.961
Total Nacional;05 Canarias;Mujeres;Centro Público;Usuario experto;151
Total Nacional;05 Canarias;Mujeres;Centro Público;Usuario de nivel avanzado;3.924
Total Nacional;05 Canarias;Mujeres;Centro Público;Usuario de nivel básico;1.886
Total Nacional;05 Canarias;Mujeres;Centro Público;No usuario de las TIC;0
Total Nacional;05 Canarias;Mujeres;Centro Público;No consta;0
Total Nacional;05 Canarias;Mujeres;Centro Privado;Total;2.048
Total Nacional;05 Canarias;Mujeres;Centro Privado;Usuario experto;65
Total Nacional;05 Canarias;Mujeres;Centro Privado;Usuario de nivel avanzado;1.333
Total Nacional;05 Canarias;Mujeres;Centro Privado;Usuario de nivel básico;650
Total Nacional;05 Canarias;Mujeres;Centro Privado;No usuario de las TIC;0
Total Nacional;05 Canarias;Mujeres;Centro Privado;No consta;0
Total Nacional;06 Cantabria;Ambos sexos;Total;Total;3.868
Total Nacional;06 Cantabria;Ambos sexos;Total;Usuario experto;609
Total Nacional;06 Cantabria;Ambos sexos;Total;Usuario de nivel avanzado;2.414
Total Nacional;06 Cantabria;Ambos sexos;Total;Usuario de nivel básico;825
Total Nacional;06 Cantabria;Ambos sexos;Total;No usuario de las TIC;10
Total Nacional;06 Cantabria;Ambos sexos;Total;No consta;10
Total Nacional;06 Cantabria;Ambos sexos;Centro Público;Total;2.408
Total Nacional;06 Cantabria;Ambos sexos;Centro Público;Usuario experto;405
Total Nacional;06 Cantabria;Ambos sexos;Centro Público;Usuario de nivel avanzado;1.487
Total Nacional;06 Cantabria;Ambos sexos;Centro Público;Usuario de nivel básico;516
Total Nacional;06 Cantabria;Ambos sexos;Centro Público;No usuario de las TIC;0
Total Nacional;06 Cantabria;Ambos sexos;Centro Público;No consta;0
Total Nacional;06 Cantabria;Ambos sexos;Centro Privado;Total;1.460
Total Nacional;06 Cantabria;Ambos sexos;Centro Privado;Usuario experto;204
Total Nacional;06 Cantabria;Ambos sexos;Centro Privado;Usuario de nivel avanzado;927
Total Nacional;06 Cantabria;Ambos sexos;Centro Privado;Usuario de nivel básico;309
Total Nacional;06 Cantabria;Ambos sexos;Centro Privado;No usuario de las TIC;10
Total Nacional;06 Cantabria;Ambos sexos;Centro Privado;No consta;10
Total Nacional;06 Cantabria;Hombres;Total;Total;1.951
Total Nacional;06 Cantabria;Hombres;Total;Usuario experto;474
Total Nacional;06 Cantabria;Hombres;Total;Usuario de nivel avanzado;1.138
Total Nacional;06 Cantabria;Hombres;Total;Usuario de nivel básico;319
Total Nacional;06 Cantabria;Hombres;Total;No usuario de las TIC;10
Total Nacional;06 Cantabria;Hombres;Total;No consta;10
Total Nacional;06 Cantabria;Hombres;Centro Público;Total;1.213
Total Nacional;06 Cantabria;Hombres;Centro Público;Usuario experto;318
Total Nacional;06 Cantabria;Hombres;Centro Público;Usuario de nivel avanzado;682
Total Nacional;06 Cantabria;Hombres;Centro Público;Usuario de nivel básico;212
Total Nacional;06 Cantabria;Hombres;Centro Público;No usuario de las TIC;0
Total Nacional;06 Cantabria;Hombres;Centro Público;No consta;0
Total Nacional;06 Cantabria;Hombres;Centro Privado;Total;738
Total Nacional;06 Cantabria;Hombres;Centro Privado;Usuario experto;156
Total Nacional;06 Cantabria;Hombres;Centro Privado;Usuario de nivel avanzado;456
Total Nacional;06 Cantabria;Hombres;Centro Privado;Usuario de nivel básico;107
Total Nacional;06 Cantabria;Hombres;Centro Privado;No usuario de las TIC;10
Total Nacional;06 Cantabria;Hombres;Centro Privado;No consta;10
Total Nacional;06 Cantabria;Mujeres;Total;Total;1.917
Total Nacional;06 Cantabria;Mujeres;Total;Usuario experto;135
Total Nacional;06 Cantabria;Mujeres;Total;Usuario de nivel avanzado;1.276
Total Nacional;06 Cantabria;Mujeres;Total;Usuario de nivel básico;506
Total Nacional;06 Cantabria;Mujeres;Total;No usuario de las TIC;0
Total Nacional;06 Cantabria;Mujeres;Total;No consta;0
Total Nacional;06 Cantabria;Mujeres;Centro Público;Total;1.195
Total Nacional;06 Cantabria;Mujeres;Centro Público;Usuario experto;87
Total Nacional;06 Cantabria;Mujeres;Centro Público;Usuario de nivel avanzado;805
Total Nacional;06 Cantabria;Mujeres;Centro Público;Usuario de nivel básico;304
Total Nacional;06 Cantabria;Mujeres;Centro Público;No usuario de las TIC;0
Total Nacional;06 Cantabria;Mujeres;Centro Público;No consta;0
Total Nacional;06 Cantabria;Mujeres;Centro Privado;Total;722
Total Nacional;06 Cantabria;Mujeres;Centro Privado;Usuario experto;48
Total Nacional;06 Cantabria;Mujeres;Centro Privado;Usuario de nivel avanzado;472
Total Nacional;06 Cantabria;Mujeres;Centro Privado;Usuario de nivel básico;202
Total Nacional;06 Cantabria;Mujeres;Centro Privado;No usuario de las TIC;0
Total Nacional;06 Cantabria;Mujeres;Centro Privado;No consta;0
Total Nacional;07 Castilla y León;Ambos sexos;Total;Total;16.161
Total Nacional;07 Castilla y León;Ambos sexos;Total;Usuario experto;2.629
Total Nacional;07 Castilla y León;Ambos sexos;Total;Usuario de nivel avanzado;10.485
Total Nacional;07 Castilla y León;Ambos sexos;Total;Usuario de nivel básico;3.011
Total Nacional;07 Castilla y León;Ambos sexos;Total;No usuario de las TIC;36
Total Nacional;07 Castilla y León;Ambos sexos;Total;No consta;0
Total Nacional;07 Castilla y León;Ambos sexos;Centro Público;Total;9.859
Total Nacional;07 Castilla y León;Ambos sexos;Centro Público;Usuario experto;1.695
Total Nacional;07 Castilla y León;Ambos sexos;Centro Público;Usuario de nivel avanzado;6.252
Total Nacional;07 Castilla y León;Ambos sexos;Centro Público;Usuario de nivel básico;1.912
Total Nacional;07 Castilla y León;Ambos sexos;Centro Público;No usuario de las TIC;0
Total Nacional;07 Castilla y León;Ambos sexos;Centro Público;No consta;0
Total Nacional;07 Castilla y León;Ambos sexos;Centro Privado;Total;6.302
Total Nacional;07 Castilla y León;Ambos sexos;Centro Privado;Usuario experto;934
Total Nacional;07 Castilla y León;Ambos sexos;Centro Privado;Usuario de nivel avanzado;4.233
Total Nacional;07 Castilla y León;Ambos sexos;Centro Privado;Usuario de nivel básico;1.099
Total Nacional;07 Castilla y León;Ambos sexos;Centro Privado;No usuario de las TIC;36
Total Nacional;07 Castilla y León;Ambos sexos;Centro Privado;No consta;0
Total Nacional;07 Castilla y León;Hombres;Total;Total;7.887
Total Nacional;07 Castilla y León;Hombres;Total;Usuario experto;1.805
Total Nacional;07 Castilla y León;Hombres;Total;Usuario de nivel avanzado;4.595
Total Nacional;07 Castilla y León;Hombres;Total;Usuario de nivel básico;1.451
Total Nacional;07 Castilla y León;Hombres;Total;No usuario de las TIC;36
Total Nacional;07 Castilla y León;Hombres;Total;No consta;0
Total Nacional;07 Castilla y León;Hombres;Centro Público;Total;4.714
Total Nacional;07 Castilla y León;Hombres;Centro Público;Usuario experto;1.117
Total Nacional;07 Castilla y León;Hombres;Centro Público;Usuario de nivel avanzado;2.682
Total Nacional;07 Castilla y León;Hombres;Centro Público;Usuario de nivel básico;914
Total Nacional;07 Castilla y León;Hombres;Centro Público;No usuario de las TIC;0
Total Nacional;07 Castilla y León;Hombres;Centro Público;No consta;0
Total Nacional;07 Castilla y León;Hombres;Centro Privado;Total;3.173
Total Nacional;07 Castilla y León;Hombres;Centro Privado;Usuario experto;688
Total Nacional;07 Castilla y León;Hombres;Centro Privado;Usuario de nivel avanzado;1.912
Total Nacional;07 Castilla y León;Hombres;Centro Privado;Usuario de nivel básico;536
Total Nacional;07 Castilla y León;Hombres;Centro Privado;No usuario de las TIC;36
Total Nacional;07 Castilla y León;Hombres;Centro Privado;No consta;0
Total Nacional;07 Castilla y León;Mujeres;Total;Total;8.274
Total Nacional;07 Castilla y León;Mujeres;Total;Usuario experto;824
Total Nacional;07 Castilla y León;Mujeres;Total;Usuario de nivel avanzado;5.890
Total Nacional;07 Castilla y León;Mujeres;Total;Usuario de nivel básico;1.560
Total Nacional;07 Castilla y León;Mujeres;Total;No usuario de las TIC;0
Total Nacional;07 Castilla y León;Mujeres;Total;No consta;0
Total Nacional;07 Castilla y León;Mujeres;Centro Público;Total;5.145
Total Nacional;07 Castilla y León;Mujeres;Centro Público;Usuario experto;578
Total Nacional;07 Castilla y León;Mujeres;Centro Público;Usuario de nivel avanzado;3.570
Total Nacional;07 Castilla y León;Mujeres;Centro Público;Usuario de nivel básico;998
Total Nacional;07 Castilla y León;Mujeres;Centro Público;No usuario de las TIC;0
Total Nacional;07 Castilla y León;Mujeres;Centro Público;No consta;0
Total Nacional;07 Castilla y León;Mujeres;Centro Privado;Total;3.129
Total Nacional;07 Castilla y León;Mujeres;Centro Privado;Usuario experto;246
Total Nacional;07 Castilla y León;Mujeres;Centro Privado;Usuario de nivel avanzado;2.320
Total Nacional;07 Castilla y León;Mujeres;Centro Privado;Usuario de nivel básico;563
Total Nacional;07 Castilla y León;Mujeres;Centro Privado;No usuario de las TIC;0
Total Nacional;07 Castilla y León;Mujeres;Centro Privado;No consta;0
Total Nacional;08 Castilla - La Mancha;Ambos sexos;Total;Total;14.987
Total Nacional;08 Castilla - La Mancha;Ambos sexos;Total;Usuario experto;3.066
Total Nacional;08 Castilla - La Mancha;Ambos sexos;Total;Usuario de nivel avanzado;8.377
Total Nacional;08 Castilla - La Mancha;Ambos sexos;Total;Usuario de nivel básico;3.249
Total Nacional;08 Castilla - La Mancha;Ambos sexos;Total;No usuario de las TIC;56
Total Nacional;08 Castilla - La Mancha;Ambos sexos;Total;No consta;239
Total Nacional;08 Castilla - La Mancha;Ambos sexos;Centro Público;Total;11.823
Total Nacional;08 Castilla - La Mancha;Ambos sexos;Centro Público;Usuario experto;2.456
Total Nacional;08 Castilla - La Mancha;Ambos sexos;Centro Público;Usuario de nivel avanzado;6.412
Total Nacional;08 Castilla - La Mancha;Ambos sexos;Centro Público;Usuario de nivel básico;2.660
Total Nacional;08 Castilla - La Mancha;Ambos sexos;Centro Público;No usuario de las TIC;56
Total Nacional;08 Castilla - La Mancha;Ambos sexos;Centro Público;No consta;239
Total Nacional;08 Castilla - La Mancha;Ambos sexos;Centro Privado;Total;3.164
Total Nacional;08 Castilla - La Mancha;Ambos sexos;Centro Privado;Usuario experto;610
Total Nacional;08 Castilla - La Mancha;Ambos sexos;Centro Privado;Usuario de nivel avanzado;1.966
Total Nacional;08 Castilla - La Mancha;Ambos sexos;Centro Privado;Usuario de nivel básico;589
Total Nacional;08 Castilla - La Mancha;Ambos sexos;Centro Privado;No usuario de las TIC;0
Total Nacional;08 Castilla - La Mancha;Ambos sexos;Centro Privado;No consta;0
Total Nacional;08 Castilla - La Mancha;Hombres;Total;Total;6.962
Total Nacional;08 Castilla - La Mancha;Hombres;Total;Usuario experto;2.109
Total Nacional;08 Castilla - La Mancha;Hombres;Total;Usuario de nivel avanzado;3.545
Total Nacional;08 Castilla - La Mancha;Hombres;Total;Usuario de nivel básico;1.196
Total Nacional;08 Castilla - La Mancha;Hombres;Total;No usuario de las TIC;56
Total Nacional;08 Castilla - La Mancha;Hombres;Total;No consta;56
Total Nacional;08 Castilla - La Mancha;Hombres;Centro Público;Total;5.426
Total Nacional;08 Castilla - La Mancha;Hombres;Centro Público;Usuario experto;1.664
Total Nacional;08 Castilla - La Mancha;Hombres;Centro Público;Usuario de nivel avanzado;2.695
Total Nacional;08 Castilla - La Mancha;Hombres;Centro Público;Usuario de nivel básico;955
Total Nacional;08 Castilla - La Mancha;Hombres;Centro Público;No usuario de las TIC;56
Total Nacional;08 Castilla - La Mancha;Hombres;Centro Público;No consta;56
Total Nacional;08 Castilla - La Mancha;Hombres;Centro Privado;Total;1.536
Total Nacional;08 Castilla - La Mancha;Hombres;Centro Privado;Usuario experto;445
Total Nacional;08 Castilla - La Mancha;Hombres;Centro Privado;Usuario de nivel avanzado;850
Total Nacional;08 Castilla - La Mancha;Hombres;Centro Privado;Usuario de nivel básico;241
Total Nacional;08 Castilla - La Mancha;Hombres;Centro Privado;No usuario de las TIC;0
Total Nacional;08 Castilla - La Mancha;Hombres;Centro Privado;No consta;0
Total Nacional;08 Castilla - La Mancha;Mujeres;Total;Total;8.025
Total Nacional;08 Castilla - La Mancha;Mujeres;Total;Usuario experto;957
Total Nacional;08 Castilla - La Mancha;Mujeres;Total;Usuario de nivel avanzado;4.832
Total Nacional;08 Castilla - La Mancha;Mujeres;Total;Usuario de nivel básico;2.053
Total Nacional;08 Castilla - La Mancha;Mujeres;Total;No usuario de las TIC;0
Total Nacional;08 Castilla - La Mancha;Mujeres;Total;No consta;183
Total Nacional;08 Castilla - La Mancha;Mujeres;Centro Público;Total;6.397
Total Nacional;08 Castilla - La Mancha;Mujeres;Centro Público;Usuario experto;792
Total Nacional;08 Castilla - La Mancha;Mujeres;Centro Público;Usuario de nivel avanzado;3.716
Total Nacional;08 Castilla - La Mancha;Mujeres;Centro Público;Usuario de nivel básico;1.706
Total Nacional;08 Castilla - La Mancha;Mujeres;Centro Público;No usuario de las TIC;0
Total Nacional;08 Castilla - La Mancha;Mujeres;Centro Público;No consta;183
Total Nacional;08 Castilla - La Mancha;Mujeres;Centro Privado;Total;1.628
Total Nacional;08 Castilla - La Mancha;Mujeres;Centro Privado;Usuario experto;165
Total Nacional;08 Castilla - La Mancha;Mujeres;Centro Privado;Usuario de nivel avanzado;1.116
Total Nacional;08 Castilla - La Mancha;Mujeres;Centro Privado;Usuario de nivel básico;348
Total Nacional;08 Castilla - La Mancha;Mujeres;Centro Privado;No usuario de las TIC;0
Total Nacional;08 Castilla - La Mancha;Mujeres;Centro Privado;No consta;0
Total Nacional;09 Cataluña;Ambos sexos;Total;Total;55.541
Total Nacional;09 Cataluña;Ambos sexos;Total;Usuario experto;11.176
Total Nacional;09 Cataluña;Ambos sexos;Total;Usuario de nivel avanzado;35.763
Total Nacional;09 Cataluña;Ambos sexos;Total;Usuario de nivel básico;8.208
Total Nacional;09 Cataluña;Ambos sexos;Total;No usuario de las TIC;250
Total Nacional;09 Cataluña;Ambos sexos;Total;No consta;144
Total Nacional;09 Cataluña;Ambos sexos;Centro Público;Total;32.634
Total Nacional;09 Cataluña;Ambos sexos;Centro Público;Usuario experto;6.642
Total Nacional;09 Cataluña;Ambos sexos;Centro Público;Usuario de nivel avanzado;19.923
Total Nacional;09 Cataluña;Ambos sexos;Centro Público;Usuario de nivel básico;5.780
Total Nacional;09 Cataluña;Ambos sexos;Centro Público;No usuario de las TIC;144
Total Nacional;09 Cataluña;Ambos sexos;Centro Público;No consta;144
Total Nacional;09 Cataluña;Ambos sexos;Centro Privado;Total;22.907
Total Nacional;09 Cataluña;Ambos sexos;Centro Privado;Usuario experto;4.534
Total Nacional;09 Cataluña;Ambos sexos;Centro Privado;Usuario de nivel avanzado;15.839
Total Nacional;09 Cataluña;Ambos sexos;Centro Privado;Usuario de nivel básico;2.428
Total Nacional;09 Cataluña;Ambos sexos;Centro Privado;No usuario de las TIC;105
Total Nacional;09 Cataluña;Ambos sexos;Centro Privado;No consta;0
Total Nacional;09 Cataluña;Hombres;Total;Total;27.422
Total Nacional;09 Cataluña;Hombres;Total;Usuario experto;8.925
Total Nacional;09 Cataluña;Hombres;Total;Usuario de nivel avanzado;15.094
Total Nacional;09 Cataluña;Hombres;Total;Usuario de nivel básico;3.009
Total Nacional;09 Cataluña;Hombres;Total;No usuario de las TIC;250
Total Nacional;09 Cataluña;Hombres;Total;No consta;144
Total Nacional;09 Cataluña;Hombres;Centro Público;Total;15.973
Total Nacional;09 Cataluña;Hombres;Centro Público;Usuario experto;5.342
Total Nacional;09 Cataluña;Hombres;Centro Público;Usuario de nivel avanzado;8.177
Total Nacional;09 Cataluña;Hombres;Centro Público;Usuario de nivel básico;2.166
Total Nacional;09 Cataluña;Hombres;Centro Público;No usuario de las TIC;144
Total Nacional;09 Cataluña;Hombres;Centro Público;No consta;144
Total Nacional;09 Cataluña;Hombres;Centro Privado;Total;11.449
Total Nacional;09 Cataluña;Hombres;Centro Privado;Usuario experto;3.583
Total Nacional;09 Cataluña;Hombres;Centro Privado;Usuario de nivel avanzado;6.917
Total Nacional;09 Cataluña;Hombres;Centro Privado;Usuario de nivel básico;843
Total Nacional;09 Cataluña;Hombres;Centro Privado;No usuario de las TIC;105
Total Nacional;09 Cataluña;Hombres;Centro Privado;No consta;0
Total Nacional;09 Cataluña;Mujeres;Total;Total;28.119
Total Nacional;09 Cataluña;Mujeres;Total;Usuario experto;2.251
Total Nacional;09 Cataluña;Mujeres;Total;Usuario de nivel avanzado;20.669
Total Nacional;09 Cataluña;Mujeres;Total;Usuario de nivel básico;5.199
Total Nacional;09 Cataluña;Mujeres;Total;No usuario de las TIC;0
Total Nacional;09 Cataluña;Mujeres;Total;No consta;0
Total Nacional;09 Cataluña;Mujeres;Centro Público;Total;16.661
Total Nacional;09 Cataluña;Mujeres;Centro Público;Usuario experto;1.300
Total Nacional;09 Cataluña;Mujeres;Centro Público;Usuario de nivel avanzado;11.747
Total Nacional;09 Cataluña;Mujeres;Centro Público;Usuario de nivel básico;3.614
Total Nacional;09 Cataluña;Mujeres;Centro Público;No usuario de las TIC;0
Total Nacional;09 Cataluña;Mujeres;Centro Público;No consta;0
Total Nacional;09 Cataluña;Mujeres;Centro Privado;Total;11.458
Total Nacional;09 Cataluña;Mujeres;Centro Privado;Usuario experto;951
Total Nacional;09 Cataluña;Mujeres;Centro Privado;Usuario de nivel avanzado;8.922
Total Nacional;09 Cataluña;Mujeres;Centro Privado;Usuario de nivel básico;1.585
Total Nacional;09 Cataluña;Mujeres;Centro Privado;No usuario de las TIC;0
Total Nacional;09 Cataluña;Mujeres;Centro Privado;No consta;0
Total Nacional;10 Comunitat Valenciana;Ambos sexos;Total;Total;30.870
Total Nacional;10 Comunitat Valenciana;Ambos sexos;Total;Usuario experto;4.344
Total Nacional;10 Comunitat Valenciana;Ambos sexos;Total;Usuario de nivel avanzado;19.641
Total Nacional;10 Comunitat Valenciana;Ambos sexos;Total;Usuario de nivel básico;6.685
Total Nacional;10 Comunitat Valenciana;Ambos sexos;Total;No usuario de las TIC;0
Total Nacional;10 Comunitat Valenciana;Ambos sexos;Total;No consta;200
Total Nacional;10 Comunitat Valenciana;Ambos sexos;Centro Público;Total;18.043
Total Nacional;10 Comunitat Valenciana;Ambos sexos;Centro Público;Usuario experto;2.516
Total Nacional;10 Comunitat Valenciana;Ambos sexos;Centro Público;Usuario de nivel avanzado;11.242
Total Nacional;10 Comunitat Valenciana;Ambos sexos;Centro Público;Usuario de nivel básico;4.286
Total Nacional;10 Comunitat Valenciana;Ambos sexos;Centro Público;No usuario de las TIC;0
Total Nacional;10 Comunitat Valenciana;Ambos sexos;Centro Público;No consta;0
Total Nacional;10 Comunitat Valenciana;Ambos sexos;Centro Privado;Total;12.827
Total Nacional;10 Comunitat Valenciana;Ambos sexos;Centro Privado;Usuario experto;1.828
Total Nacional;10 Comunitat Valenciana;Ambos sexos;Centro Privado;Usuario de nivel avanzado;8.399
Total Nacional;10 Comunitat Valenciana;Ambos sexos;Centro Privado;Usuario de nivel básico;2.399
Total Nacional;10 Comunitat Valenciana;Ambos sexos;Centro Privado;No usuario de las TIC;0
Total Nacional;10 Comunitat Valenciana;Ambos sexos;Centro Privado;No consta;200
Total Nacional;10 Comunitat Valenciana;Hombres;Total;Total;14.421
Total Nacional;10 Comunitat Valenciana;Hombres;Total;Usuario experto;3.284
Total Nacional;10 Comunitat Valenciana;Hombres;Total;Usuario de nivel avanzado;8.477
Total Nacional;10 Comunitat Valenciana;Hombres;Total;Usuario de nivel básico;2.595
Total Nacional;10 Comunitat Valenciana;Hombres;Total;No usuario de las TIC;0
Total Nacional;10 Comunitat Valenciana;Hombres;Total;No consta;65
Total Nacional;10 Comunitat Valenciana;Hombres;Centro Público;Total;8.264
Total Nacional;10 Comunitat Valenciana;Hombres;Centro Público;Usuario experto;1.725
Total Nacional;10 Comunitat Valenciana;Hombres;Centro Público;Usuario de nivel avanzado;4.722
Total Nacional;10 Comunitat Valenciana;Hombres;Centro Público;Usuario de nivel básico;1.816
Total Nacional;10 Comunitat Valenciana;Hombres;Centro Público;No usuario de las TIC;0
Total Nacional;10 Comunitat Valenciana;Hombres;Centro Público;No consta;0
Total Nacional;10 Comunitat Valenciana;Hombres;Centro Privado;Total;6.157
Total Nacional;10 Comunitat Valenciana;Hombres;Centro Privado;Usuario experto;1.558
Total Nacional;10 Comunitat Valenciana;Hombres;Centro Privado;Usuario de nivel avanzado;3.754
Total Nacional;10 Comunitat Valenciana;Hombres;Centro Privado;Usuario de nivel básico;779
Total Nacional;10 Comunitat Valenciana;Hombres;Centro Privado;No usuario de las TIC;0
Total Nacional;10 Comunitat Valenciana;Hombres;Centro Privado;No consta;65
Total Nacional;10 Comunitat Valenciana;Mujeres;Total;Total;16.449
Total Nacional;10 Comunitat Valenciana;Mujeres;Total;Usuario experto;1.060
Total Nacional;10 Comunitat Valenciana;Mujeres;Total;Usuario de nivel avanzado;11.164
Total Nacional;10 Comunitat Valenciana;Mujeres;Total;Usuario de nivel básico;4.089
Total Nacional;10 Comunitat Valenciana;Mujeres;Total;No usuario de las TIC;0
Total Nacional;10 Comunitat Valenciana;Mujeres;Total;No consta;135
Total Nacional;10 Comunitat Valenciana;Mujeres;Centro Público;Total;9.779
Total Nacional;10 Comunitat Valenciana;Mujeres;Centro Público;Usuario experto;790
Total Nacional;10 Comunitat Valenciana;Mujeres;Centro Público;Usuario de nivel avanzado;6.519
Total Nacional;10 Comunitat Valenciana;Mujeres;Centro Público;Usuario de nivel básico;2.469
Total Nacional;10 Comunitat Valenciana;Mujeres;Centro Público;No usuario de las TIC;0
Total Nacional;10 Comunitat Valenciana;Mujeres;Centro Público;No consta;0
Total Nacional;10 Comunitat Valenciana;Mujeres;Centro Privado;Total;6.670
Total Nacional;10 Comunitat Valenciana;Mujeres;Centro Privado;Usuario experto;270
Total Nacional;10 Comunitat Valenciana;Mujeres;Centro Privado;Usuario de nivel avanzado;4.645
Total Nacional;10 Comunitat Valenciana;Mujeres;Centro Privado;Usuario de nivel básico;1.620
Total Nacional;10 Comunitat Valenciana;Mujeres;Centro Privado;No usuario de las TIC;0
Total Nacional;10 Comunitat Valenciana;Mujeres;Centro Privado;No consta;135
Total Nacional;11 Extremadura;Ambos sexos;Total;Total;8.446
Total Nacional;11 Extremadura;Ambos sexos;Total;Usuario experto;1.140
Total Nacional;11 Extremadura;Ambos sexos;Total;Usuario de nivel avanzado;5.236
Total Nacional;11 Extremadura;Ambos sexos;Total;Usuario de nivel básico;2.058
Total Nacional;11 Extremadura;Ambos sexos;Total;No usuario de las TIC;12
Total Nacional;11 Extremadura;Ambos sexos;Total;No consta;0
Total Nacional;11 Extremadura;Ambos sexos;Centro Público;Total;6.292
Total Nacional;11 Extremadura;Ambos sexos;Centro Público;Usuario experto;844
Total Nacional;11 Extremadura;Ambos sexos;Centro Público;Usuario de nivel avanzado;3.885
Total Nacional;11 Extremadura;Ambos sexos;Centro Público;Usuario de nivel básico;1.564
Total Nacional;11 Extremadura;Ambos sexos;Centro Público;No usuario de las TIC;0
Total Nacional;11 Extremadura;Ambos sexos;Centro Público;No consta;0
Total Nacional;11 Extremadura;Ambos sexos;Centro Privado;Total;2.154
Total Nacional;11 Extremadura;Ambos sexos;Centro Privado;Usuario experto;296
Total Nacional;11 Extremadura;Ambos sexos;Centro Privado;Usuario de nivel avanzado;1.351
Total Nacional;11 Extremadura;Ambos sexos;Centro Privado;Usuario de nivel básico;494
Total Nacional;11 Extremadura;Ambos sexos;Centro Privado;No usuario de las TIC;12
Total Nacional;11 Extremadura;Ambos sexos;Centro Privado;No consta;0
Total Nacional;11 Extremadura;Hombres;Total;Total;4.014
Total Nacional;11 Extremadura;Hombres;Total;Usuario experto;812
Total Nacional;11 Extremadura;Hombres;Total;Usuario de nivel avanzado;2.332
Total Nacional;11 Extremadura;Hombres;Total;Usuario de nivel básico;858
Total Nacional;11 Extremadura;Hombres;Total;No usuario de las TIC;12
Total Nacional;11 Extremadura;Hombres;Total;No consta;0
Total Nacional;11 Extremadura;Hombres;Centro Público;Total;2.972
Total Nacional;11 Extremadura;Hombres;Centro Público;Usuario experto;601
Total Nacional;11 Extremadura;Hombres;Centro Público;Usuario de nivel avanzado;1.736
Total Nacional;11 Extremadura;Hombres;Centro Público;Usuario de nivel básico;634
Total Nacional;11 Extremadura;Hombres;Centro Público;No usuario de las TIC;0
Total Nacional;11 Extremadura;Hombres;Centro Público;No consta;0
Total Nacional;11 Extremadura;Hombres;Centro Privado;Total;1.042
Total Nacional;11 Extremadura;Hombres;Centro Privado;Usuario experto;211
Total Nacional;11 Extremadura;Hombres;Centro Privado;Usuario de nivel avanzado;595
Total Nacional;11 Extremadura;Hombres;Centro Privado;Usuario de nivel básico;223
Total Nacional;11 Extremadura;Hombres;Centro Privado;No usuario de las TIC;12
Total Nacional;11 Extremadura;Hombres;Centro Privado;No consta;0
Total Nacional;11 Extremadura;Mujeres;Total;Total;4.432
Total Nacional;11 Extremadura;Mujeres;Total;Usuario experto;328
Total Nacional;11 Extremadura;Mujeres;Total;Usuario de nivel avanzado;2.904
Total Nacional;11 Extremadura;Mujeres;Total;Usuario de nivel básico;1.200
Total Nacional;11 Extremadura;Mujeres;Total;No usuario de las TIC;0
Total Nacional;11 Extremadura;Mujeres;Total;No consta;0
Total Nacional;11 Extremadura;Mujeres;Centro Público;Total;3.320
Total Nacional;11 Extremadura;Mujeres;Centro Público;Usuario experto;243
Total Nacional;11 Extremadura;Mujeres;Centro Público;Usuario de nivel avanzado;2.148
Total Nacional;11 Extremadura;Mujeres;Centro Público;Usuario de nivel básico;929
Total Nacional;11 Extremadura;Mujeres;Centro Público;No usuario de las TIC;0
Total Nacional;11 Extremadura;Mujeres;Centro Público;No consta;0
Total Nacional;11 Extremadura;Mujeres;Centro Privado;Total;1.112
Total Nacional;11 Extremadura;Mujeres;Centro Privado;Usuario experto;86
Total Nacional;11 Extremadura;Mujeres;Centro Privado;Usuario de nivel avanzado;756
Total Nacional;11 Extremadura;Mujeres;Centro Privado;Usuario de nivel básico;271
Total Nacional;11 Extremadura;Mujeres;Centro Privado;No usuario de las TIC;0
Total Nacional;11 Extremadura;Mujeres;Centro Privado;No consta;0
Total Nacional;12 Galicia;Ambos sexos;Total;Total;16.326
Total Nacional;12 Galicia;Ambos sexos;Total;Usuario experto;2.818
Total Nacional;12 Galicia;Ambos sexos;Total;Usuario de nivel avanzado;10.000
Total Nacional;12 Galicia;Ambos sexos;Total;Usuario de nivel básico;3.451
Total Nacional;12 Galicia;Ambos sexos;Total;No usuario de las TIC;0
Total Nacional;12 Galicia;Ambos sexos;Total;No consta;57
Total Nacional;12 Galicia;Ambos sexos;Centro Público;Total;11.068
Total Nacional;12 Galicia;Ambos sexos;Centro Público;Usuario experto;1.950
Total Nacional;12 Galicia;Ambos sexos;Centro Público;Usuario de nivel avanzado;6.572
Total Nacional;12 Galicia;Ambos sexos;Centro Público;Usuario de nivel básico;2.489
Total Nacional;12 Galicia;Ambos sexos;Centro Público;No usuario de las TIC;0
Total Nacional;12 Galicia;Ambos sexos;Centro Público;No consta;57
Total Nacional;12 Galicia;Ambos sexos;Centro Privado;Total;5.258
Total Nacional;12 Galicia;Ambos sexos;Centro Privado;Usuario experto;868
Total Nacional;12 Galicia;Ambos sexos;Centro Privado;Usuario de nivel avanzado;3.428
Total Nacional;12 Galicia;Ambos sexos;Centro Privado;Usuario de nivel básico;962
Total Nacional;12 Galicia;Ambos sexos;Centro Privado;No usuario de las TIC;0
Total Nacional;12 Galicia;Ambos sexos;Centro Privado;No consta;0
Total Nacional;12 Galicia;Hombres;Total;Total;7.862
Total Nacional;12 Galicia;Hombres;Total;Usuario experto;2.004
Total Nacional;12 Galicia;Hombres;Total;Usuario de nivel avanzado;4.481
Total Nacional;12 Galicia;Hombres;Total;Usuario de nivel básico;1.377
Total Nacional;12 Galicia;Hombres;Total;No usuario de las TIC;0
Total Nacional;12 Galicia;Hombres;Total;No consta;0
Total Nacional;12 Galicia;Hombres;Centro Público;Total;5.245
Total Nacional;12 Galicia;Hombres;Centro Público;Usuario experto;1.441
Total Nacional;12 Galicia;Hombres;Centro Público;Usuario de nivel avanzado;2.901
Total Nacional;12 Galicia;Hombres;Centro Público;Usuario de nivel básico;903
Total Nacional;12 Galicia;Hombres;Centro Público;No usuario de las TIC;0
Total Nacional;12 Galicia;Hombres;Centro Público;No consta;0
Total Nacional;12 Galicia;Hombres;Centro Privado;Total;2.617
Total Nacional;12 Galicia;Hombres;Centro Privado;Usuario experto;563
Total Nacional;12 Galicia;Hombres;Centro Privado;Usuario de nivel avanzado;1.580
Total Nacional;12 Galicia;Hombres;Centro Privado;Usuario de nivel básico;474
Total Nacional;12 Galicia;Hombres;Centro Privado;No usuario de las TIC;0
Total Nacional;12 Galicia;Hombres;Centro Privado;No consta;0
Total Nacional;12 Galicia;Mujeres;Total;Total;8.464
Total Nacional;12 Galicia;Mujeres;Total;Usuario experto;815
Total Nacional;12 Galicia;Mujeres;Total;Usuario de nivel avanzado;5.519
Total Nacional;12 Galicia;Mujeres;Total;Usuario de nivel básico;2.074
Total Nacional;12 Galicia;Mujeres;Total;No usuario de las TIC;0
Total Nacional;12 Galicia;Mujeres;Total;No consta;57
Total Nacional;12 Galicia;Mujeres;Centro Público;Total;5.823
Total Nacional;12 Galicia;Mujeres;Centro Público;Usuario experto;510
Total Nacional;12 Galicia;Mujeres;Centro Público;Usuario de nivel avanzado;3.671
Total Nacional;12 Galicia;Mujeres;Centro Público;Usuario de nivel básico;1.586
Total Nacional;12 Galicia;Mujeres;Centro Público;No usuario de las TIC;0
Total Nacional;12 Galicia;Mujeres;Centro Público;No consta;57
Total Nacional;12 Galicia;Mujeres;Centro Privado;Total;2.641
Total Nacional;12 Galicia;Mujeres;Centro Privado;Usuario experto;305
Total Nacional;12 Galicia;Mujeres;Centro Privado;Usuario de nivel avanzado;1.848
Total Nacional;12 Galicia;Mujeres;Centro Privado;Usuario de nivel básico;488
Total Nacional;12 Galicia;Mujeres;Centro Privado;No usuario de las TIC;0
Total Nacional;12 Galicia;Mujeres;Centro Privado;No consta;0
Total Nacional;13 Madrid, Comunidad de;Ambos sexos;Total;Total;45.236
Total Nacional;13 Madrid, Comunidad de;Ambos sexos;Total;Usuario experto;7.995
Total Nacional;13 Madrid, Comunidad de;Ambos sexos;Total;Usuario de nivel avanzado;28.653
Total Nacional;13 Madrid, Comunidad de;Ambos sexos;Total;Usuario de nivel básico;8.397
Total Nacional;13 Madrid, Comunidad de;Ambos sexos;Total;No usuario de las TIC;0
Total Nacional;13 Madrid, Comunidad de;Ambos sexos;Total;No consta;191
Total Nacional;13 Madrid, Comunidad de;Ambos sexos;Centro Público;Total;21.201
Total Nacional;13 Madrid, Comunidad de;Ambos sexos;Centro Público;Usuario experto;3.785
Total Nacional;13 Madrid, Comunidad de;Ambos sexos;Centro Público;Usuario de nivel avanzado;12.583
Total Nacional;13 Madrid, Comunidad de;Ambos sexos;Centro Público;Usuario de nivel básico;4.642
Total Nacional;13 Madrid, Comunidad de;Ambos sexos;Centro Público;No usuario de las TIC;0
Total Nacional;13 Madrid, Comunidad de;Ambos sexos;Centro Público;No consta;191
Total Nacional;13 Madrid, Comunidad de;Ambos sexos;Centro Privado;Total;24.035
Total Nacional;13 Madrid, Comunidad de;Ambos sexos;Centro Privado;Usuario experto;4.210
Total Nacional;13 Madrid, Comunidad de;Ambos sexos;Centro Privado;Usuario de nivel avanzado;16.070
Total Nacional;13 Madrid, Comunidad de;Ambos sexos;Centro Privado;Usuario de nivel básico;3.755
Total Nacional;13 Madrid, Comunidad de;Ambos sexos;Centro Privado;No usuario de las TIC;0
Total Nacional;13 Madrid, Comunidad de;Ambos sexos;Centro Privado;No consta;0
Total Nacional;13 Madrid, Comunidad de;Hombres;Total;Total;22.186
Total Nacional;13 Madrid, Comunidad de;Hombres;Total;Usuario experto;6.753
Total Nacional;13 Madrid, Comunidad de;Hombres;Total;Usuario de nivel avanzado;13.136
Total Nacional;13 Madrid, Comunidad de;Hombres;Total;Usuario de nivel básico;2.106
Total Nacional;13 Madrid, Comunidad de;Hombres;Total;No usuario de las TIC;0
Total Nacional;13 Madrid, Comunidad de;Hombres;Total;No consta;191
Total Nacional;13 Madrid, Comunidad de;Hombres;Centro Público;Total;10.234
Total Nacional;13 Madrid, Comunidad de;Hombres;Centro Público;Usuario experto;3.061
Total Nacional;13 Madrid, Comunidad de;Hombres;Centro Público;Usuario de nivel avanzado;5.547
Total Nacional;13 Madrid, Comunidad de;Hombres;Centro Público;Usuario de nivel básico;1.435
Total Nacional;13 Madrid, Comunidad de;Hombres;Centro Público;No usuario de las TIC;0
Total Nacional;13 Madrid, Comunidad de;Hombres;Centro Público;No consta;191
Total Nacional;13 Madrid, Comunidad de;Hombres;Centro Privado;Total;11.952
Total Nacional;13 Madrid, Comunidad de;Hombres;Centro Privado;Usuario experto;3.692
Total Nacional;13 Madrid, Comunidad de;Hombres;Centro Privado;Usuario de nivel avanzado;7.588
Total Nacional;13 Madrid, Comunidad de;Hombres;Centro Privado;Usuario de nivel básico;671
Total Nacional;13 Madrid, Comunidad de;Hombres;Centro Privado;No usuario de las TIC;0
Total Nacional;13 Madrid, Comunidad de;Hombres;Centro Privado;No consta;0
Total Nacional;13 Madrid, Comunidad de;Mujeres;Total;Total;23.050
Total Nacional;13 Madrid, Comunidad de;Mujeres;Total;Usuario experto;1.241
Total Nacional;13 Madrid, Comunidad de;Mujeres;Total;Usuario de nivel avanzado;15.517
Total Nacional;13 Madrid, Comunidad de;Mujeres;Total;Usuario de nivel básico;6.291
Total Nacional;13 Madrid, Comunidad de;Mujeres;Total;No usuario de las TIC;0
Total Nacional;13 Madrid, Comunidad de;Mujeres;Total;No consta;0
Total Nacional;13 Madrid, Comunidad de;Mujeres;Centro Público;Total;10.967
Total Nacional;13 Madrid, Comunidad de;Mujeres;Centro Público;Usuario experto;724
Total Nacional;13 Madrid, Comunidad de;Mujeres;Centro Público;Usuario de nivel avanzado;7.035
Total Nacional;13 Madrid, Comunidad de;Mujeres;Centro Público;Usuario de nivel básico;3.207
Total Nacional;13 Madrid, Comunidad de;Mujeres;Centro Público;No usuario de las TIC;0
Total Nacional;13 Madrid, Comunidad de;Mujeres;Centro Público;No consta;0
Total Nacional;13 Madrid, Comunidad de;Mujeres;Centro Privado;Total;12.083
Total Nacional;13 Madrid, Comunidad de;Mujeres;Centro Privado;Usuario experto;517
Total Nacional;13 Madrid, Comunidad de;Mujeres;Centro Privado;Usuario de nivel avanzado;8.482
Total Nacional;13 Madrid, Comunidad de;Mujeres;Centro Privado;Usuario de nivel básico;3.084
Total Nacional;13 Madrid, Comunidad de;Mujeres;Centro Privado;No usuario de las TIC;0
Total Nacional;13 Madrid, Comunidad de;Mujeres;Centro Privado;No consta;0
Total Nacional;14 Murcia, Región de;Ambos sexos;Total;Total;11.564
Total Nacional;14 Murcia, Región de;Ambos sexos;Total;Usuario experto;1.841
Total Nacional;14 Murcia, Región de;Ambos sexos;Total;Usuario de nivel avanzado;7.654
Total Nacional;14 Murcia, Región de;Ambos sexos;Total;Usuario de nivel básico;2.013
Total Nacional;14 Murcia, Región de;Ambos sexos;Total;No usuario de las TIC;56
Total Nacional;14 Murcia, Región de;Ambos sexos;Total;No consta;0
Total Nacional;14 Murcia, Región de;Ambos sexos;Centro Público;Total;7.830
Total Nacional;14 Murcia, Región de;Ambos sexos;Centro Público;Usuario experto;1.284
Total Nacional;14 Murcia, Región de;Ambos sexos;Centro Público;Usuario de nivel avanzado;5.084
Total Nacional;14 Murcia, Región de;Ambos sexos;Centro Público;Usuario de nivel básico;1.405
Total Nacional;14 Murcia, Región de;Ambos sexos;Centro Público;No usuario de las TIC;56
Total Nacional;14 Murcia, Región de;Ambos sexos;Centro Público;No consta;0
Total Nacional;14 Murcia, Región de;Ambos sexos;Centro Privado;Total;3.734
Total Nacional;14 Murcia, Región de;Ambos sexos;Centro Privado;Usuario experto;557
Total Nacional;14 Murcia, Región de;Ambos sexos;Centro Privado;Usuario de nivel avanzado;2.569
Total Nacional;14 Murcia, Región de;Ambos sexos;Centro Privado;Usuario de nivel básico;607
Total Nacional;14 Murcia, Región de;Ambos sexos;Centro Privado;No usuario de las TIC;0
Total Nacional;14 Murcia, Región de;Ambos sexos;Centro Privado;No consta;0
Total Nacional;14 Murcia, Región de;Hombres;Total;Total;5.480
Total Nacional;14 Murcia, Región de;Hombres;Total;Usuario experto;1.441
Total Nacional;14 Murcia, Región de;Hombres;Total;Usuario de nivel avanzado;3.241
Total Nacional;14 Murcia, Región de;Hombres;Total;Usuario de nivel básico;743
Total Nacional;14 Murcia, Región de;Hombres;Total;No usuario de las TIC;56
Total Nacional;14 Murcia, Región de;Hombres;Total;No consta;0
Total Nacional;14 Murcia, Región de;Hombres;Centro Público;Total;3.720
Total Nacional;14 Murcia, Región de;Hombres;Centro Público;Usuario experto;1.053
Total Nacional;14 Murcia, Región de;Hombres;Centro Público;Usuario de nivel avanzado;2.107
Total Nacional;14 Murcia, Región de;Hombres;Centro Público;Usuario de nivel básico;504
Total Nacional;14 Murcia, Región de;Hombres;Centro Público;No usuario de las TIC;56
Total Nacional;14 Murcia, Región de;Hombres;Centro Público;No consta;0
Total Nacional;14 Murcia, Región de;Hombres;Centro Privado;Total;1.760
Total Nacional;14 Murcia, Región de;Hombres;Centro Privado;Usuario experto;387
Total Nacional;14 Murcia, Región de;Hombres;Centro Privado;Usuario de nivel avanzado;1.134
Total Nacional;14 Murcia, Región de;Hombres;Centro Privado;Usuario de nivel básico;239
Total Nacional;14 Murcia, Región de;Hombres;Centro Privado;No usuario de las TIC;0
Total Nacional;14 Murcia, Región de;Hombres;Centro Privado;No consta;0
Total Nacional;14 Murcia, Región de;Mujeres;Total;Total;6.084
Total Nacional;14 Murcia, Región de;Mujeres;Total;Usuario experto;401
Total Nacional;14 Murcia, Región de;Mujeres;Total;Usuario de nivel avanzado;4.413
Total Nacional;14 Murcia, Región de;Mujeres;Total;Usuario de nivel básico;1.270
Total Nacional;14 Murcia, Región de;Mujeres;Total;No usuario de las TIC;0
Total Nacional;14 Murcia, Región de;Mujeres;Total;No consta;0
Total Nacional;14 Murcia, Región de;Mujeres;Centro Público;Total;4.110
Total Nacional;14 Murcia, Región de;Mujeres;Centro Público;Usuario experto;231
Total Nacional;14 Murcia, Región de;Mujeres;Centro Público;Usuario de nivel avanzado;2.978
Total Nacional;14 Murcia, Región de;Mujeres;Centro Público;Usuario de nivel básico;902
Total Nacional;14 Murcia, Región de;Mujeres;Centro Público;No usuario de las TIC;0
Total Nacional;14 Murcia, Región de;Mujeres;Centro Público;No consta;0
Total Nacional;14 Murcia, Región de;Mujeres;Centro Privado;Total;1.974
Total Nacional;14 Murcia, Región de;Mujeres;Centro Privado;Usuario experto;170
Total Nacional;14 Murcia, Región de;Mujeres;Centro Privado;Usuario de nivel avanzado;1.435
Total Nacional;14 Murcia, Región de;Mujeres;Centro Privado;Usuario de nivel básico;369
Total Nacional;14 Murcia, Región de;Mujeres;Centro Privado;No usuario de las TIC;0
Total Nacional;14 Murcia, Región de;Mujeres;Centro Privado;No consta;0
Total Nacional;15 Navarra, Comunidad Foral de;Ambos sexos;Total;Total;4.982
Total Nacional;15 Navarra, Comunidad Foral de;Ambos sexos;Total;Usuario experto;606
Total Nacional;15 Navarra, Comunidad Foral de;Ambos sexos;Total;Usuario de nivel avanzado;3.401
Total Nacional;15 Navarra, Comunidad Foral de;Ambos sexos;Total;Usuario de nivel básico;928
Total Nacional;15 Navarra, Comunidad Foral de;Ambos sexos;Total;No usuario de las TIC;15
Total Nacional;15 Navarra, Comunidad Foral de;Ambos sexos;Total;No consta;31
Total Nacional;15 Navarra, Comunidad Foral de;Ambos sexos;Centro Público;Total;2.896
Total Nacional;15 Navarra, Comunidad Foral de;Ambos sexos;Centro Público;Usuario experto;301
Total Nacional;15 Navarra, Comunidad Foral de;Ambos sexos;Centro Público;Usuario de nivel avanzado;1.999
Total Nacional;15 Navarra, Comunidad Foral de;Ambos sexos;Centro Público;Usuario de nivel básico;580
Total Nacional;15 Navarra, Comunidad Foral de;Ambos sexos;Centro Público;No usuario de las TIC;0
Total Nacional;15 Navarra, Comunidad Foral de;Ambos sexos;Centro Público;No consta;17
Total Nacional;15 Navarra, Comunidad Foral de;Ambos sexos;Centro Privado;Total;2.086
Total Nacional;15 Navarra, Comunidad Foral de;Ambos sexos;Centro Privado;Usuario experto;306
Total Nacional;15 Navarra, Comunidad Foral de;Ambos sexos;Centro Privado;Usuario de nivel avanzado;1.403
Total Nacional;15 Navarra, Comunidad Foral de;Ambos sexos;Centro Privado;Usuario de nivel básico;348
Total Nacional;15 Navarra, Comunidad Foral de;Ambos sexos;Centro Privado;No usuario de las TIC;15
Total Nacional;15 Navarra, Comunidad Foral de;Ambos sexos;Centro Privado;No consta;15
Total Nacional;15 Navarra, Comunidad Foral de;Hombres;Total;Total;2.441
Total Nacional;15 Navarra, Comunidad Foral de;Hombres;Total;Usuario experto;388
Total Nacional;15 Navarra, Comunidad Foral de;Hombres;Total;Usuario de nivel avanzado;1.537
Total Nacional;15 Navarra, Comunidad Foral de;Hombres;Total;Usuario de nivel básico;470
Total Nacional;15 Navarra, Comunidad Foral de;Hombres;Total;No usuario de las TIC;15
Total Nacional;15 Navarra, Comunidad Foral de;Hombres;Total;No consta;31
Total Nacional;15 Navarra, Comunidad Foral de;Hombres;Centro Público;Total;1.397
Total Nacional;15 Navarra, Comunidad Foral de;Hombres;Centro Público;Usuario experto;182
Total Nacional;15 Navarra, Comunidad Foral de;Hombres;Centro Público;Usuario de nivel avanzado;891
Total Nacional;15 Navarra, Comunidad Foral de;Hombres;Centro Público;Usuario de nivel básico;308
Total Nacional;15 Navarra, Comunidad Foral de;Hombres;Centro Público;No usuario de las TIC;0
Total Nacional;15 Navarra, Comunidad Foral de;Hombres;Centro Público;No consta;17
Total Nacional;15 Navarra, Comunidad Foral de;Hombres;Centro Privado;Total;1.044
Total Nacional;15 Navarra, Comunidad Foral de;Hombres;Centro Privado;Usuario experto;206
Total Nacional;15 Navarra, Comunidad Foral de;Hombres;Centro Privado;Usuario de nivel avanzado;646
Total Nacional;15 Navarra, Comunidad Foral de;Hombres;Centro Privado;Usuario de nivel básico;162
Total Nacional;15 Navarra, Comunidad Foral de;Hombres;Centro Privado;No usuario de las TIC;15
Total Nacional;15 Navarra, Comunidad Foral de;Hombres;Centro Privado;No consta;15
Total Nacional;15 Navarra, Comunidad Foral de;Mujeres;Total;Total;2.541
Total Nacional;15 Navarra, Comunidad Foral de;Mujeres;Total;Usuario experto;218
Total Nacional;15 Navarra, Comunidad Foral de;Mujeres;Total;Usuario de nivel avanzado;1.864
Total Nacional;15 Navarra, Comunidad Foral de;Mujeres;Total;Usuario de nivel básico;459
Total Nacional;15 Navarra, Comunidad Foral de;Mujeres;Total;No usuario de las TIC;0
Total Nacional;15 Navarra, Comunidad Foral de;Mujeres;Total;No consta;0
Total Nacional;15 Navarra, Comunidad Foral de;Mujeres;Centro Público;Total;1.499
Total Nacional;15 Navarra, Comunidad Foral de;Mujeres;Centro Público;Usuario experto;119
Total Nacional;15 Navarra, Comunidad Foral de;Mujeres;Centro Público;Usuario de nivel avanzado;1.107
Total Nacional;15 Navarra, Comunidad Foral de;Mujeres;Centro Público;Usuario de nivel básico;273
Total Nacional;15 Navarra, Comunidad Foral de;Mujeres;Centro Público;No usuario de las TIC;0
Total Nacional;15 Navarra, Comunidad Foral de;Mujeres;Centro Público;No consta;0
Total Nacional;15 Navarra, Comunidad Foral de;Mujeres;Centro Privado;Total;1.042
Total Nacional;15 Navarra, Comunidad Foral de;Mujeres;Centro Privado;Usuario experto;99
Total Nacional;15 Navarra, Comunidad Foral de;Mujeres;Centro Privado;Usuario de nivel avanzado;757
Total Nacional;15 Navarra, Comunidad Foral de;Mujeres;Centro Privado;Usuario de nivel básico;186
Total Nacional;15 Navarra, Comunidad Foral de;Mujeres;Centro Privado;No usuario de las TIC;0
Total Nacional;15 Navarra, Comunidad Foral de;Mujeres;Centro Privado;No consta;0
Total Nacional;16 País Vasco;Ambos sexos;Total;Total;14.865
Total Nacional;16 País Vasco;Ambos sexos;Total;Usuario experto;2.121
Total Nacional;16 País Vasco;Ambos sexos;Total;Usuario de nivel avanzado;10.483
Total Nacional;16 País Vasco;Ambos sexos;Total;Usuario de nivel básico;2.219
Total Nacional;16 País Vasco;Ambos sexos;Total;No usuario de las TIC;0
Total Nacional;16 País Vasco;Ambos sexos;Total;No consta;43
Total Nacional;16 País Vasco;Ambos sexos;Centro Público;Total;6.461
Total Nacional;16 País Vasco;Ambos sexos;Centro Público;Usuario experto;553
Total Nacional;16 País Vasco;Ambos sexos;Centro Público;Usuario de nivel avanzado;4.848
Total Nacional;16 País Vasco;Ambos sexos;Centro Público;Usuario de nivel básico;1.017
Total Nacional;16 País Vasco;Ambos sexos;Centro Público;No usuario de las TIC;0
Total Nacional;16 País Vasco;Ambos sexos;Centro Público;No consta;43
Total Nacional;16 País Vasco;Ambos sexos;Centro Privado;Total;8.404
Total Nacional;16 País Vasco;Ambos sexos;Centro Privado;Usuario experto;1.567
Total Nacional;16 País Vasco;Ambos sexos;Centro Privado;Usuario de nivel avanzado;5.635
Total Nacional;16 País Vasco;Ambos sexos;Centro Privado;Usuario de nivel básico;1.202
Total Nacional;16 País Vasco;Ambos sexos;Centro Privado;No usuario de las TIC;0
Total Nacional;16 País Vasco;Ambos sexos;Centro Privado;No consta;0
Total Nacional;16 País Vasco;Hombres;Total;Total;7.352
Total Nacional;16 País Vasco;Hombres;Total;Usuario experto;1.554
Total Nacional;16 País Vasco;Hombres;Total;Usuario de nivel avanzado;5.064
Total Nacional;16 País Vasco;Hombres;Total;Usuario de nivel básico;734
Total Nacional;16 País Vasco;Hombres;Total;No usuario de las TIC;0
Total Nacional;16 País Vasco;Hombres;Total;No consta;0
Total Nacional;16 País Vasco;Hombres;Centro Público;Total;3.116
Total Nacional;16 País Vasco;Hombres;Centro Público;Usuario experto;468
Total Nacional;16 País Vasco;Hombres;Centro Público;Usuario de nivel avanzado;2.403
Total Nacional;16 País Vasco;Hombres;Centro Público;Usuario de nivel básico;245
Total Nacional;16 País Vasco;Hombres;Centro Público;No usuario de las TIC;0
Total Nacional;16 País Vasco;Hombres;Centro Público;No consta;0
Total Nacional;16 País Vasco;Hombres;Centro Privado;Total;4.236
Total Nacional;16 País Vasco;Hombres;Centro Privado;Usuario experto;1.086
Total Nacional;16 País Vasco;Hombres;Centro Privado;Usuario de nivel avanzado;2.661
Total Nacional;16 País Vasco;Hombres;Centro Privado;Usuario de nivel básico;489
Total Nacional;16 País Vasco;Hombres;Centro Privado;No usuario de las TIC;0
Total Nacional;16 País Vasco;Hombres;Centro Privado;No consta;0
Total Nacional;16 País Vasco;Mujeres;Total;Total;7.513
Total Nacional;16 País Vasco;Mujeres;Total;Usuario experto;567
Total Nacional;16 País Vasco;Mujeres;Total;Usuario de nivel avanzado;5.418
Total Nacional;16 País Vasco;Mujeres;Total;Usuario de nivel básico;1.485
Total Nacional;16 País Vasco;Mujeres;Total;No usuario de las TIC;0
Total Nacional;16 País Vasco;Mujeres;Total;No consta;43
Total Nacional;16 País Vasco;Mujeres;Centro Público;Total;3.345
Total Nacional;16 País Vasco;Mujeres;Centro Público;Usuario experto;86
Total Nacional;16 País Vasco;Mujeres;Centro Público;Usuario de nivel avanzado;2.444
Total Nacional;16 País Vasco;Mujeres;Centro Público;Usuario de nivel básico;772
Total Nacional;16 País Vasco;Mujeres;Centro Público;No usuario de las TIC;0
Total Nacional;16 País Vasco;Mujeres;Centro Público;No consta;43
Total Nacional;16 País Vasco;Mujeres;Centro Privado;Total;4.168
Total Nacional;16 País Vasco;Mujeres;Centro Privado;Usuario experto;481
Total Nacional;16 País Vasco;Mujeres;Centro Privado;Usuario de nivel avanzado;2.974
Total Nacional;16 País Vasco;Mujeres;Centro Privado;Usuario de nivel básico;713
Total Nacional;16 País Vasco;Mujeres;Centro Privado;No usuario de las TIC;0
Total Nacional;16 País Vasco;Mujeres;Centro Privado;No consta;0
Total Nacional;17 Rioja, La;Ambos sexos;Total;Total;2.096
Total Nacional;17 Rioja, La;Ambos sexos;Total;Usuario experto;390
Total Nacional;17 Rioja, La;Ambos sexos;Total;Usuario de nivel avanzado;1.194
Total Nacional;17 Rioja, La;Ambos sexos;Total;Usuario de nivel básico;505
Total Nacional;17 Rioja, La;Ambos sexos;Total;No usuario de las TIC;0
Total Nacional;17 Rioja, La;Ambos sexos;Total;No consta;7
Total Nacional;17 Rioja, La;Ambos sexos;Centro Público;Total;1.247
Total Nacional;17 Rioja, La;Ambos sexos;Centro Público;Usuario experto;264
Total Nacional;17 Rioja, La;Ambos sexos;Centro Público;Usuario de nivel avanzado;676
Total Nacional;17 Rioja, La;Ambos sexos;Centro Público;Usuario de nivel básico;300
Total Nacional;17 Rioja, La;Ambos sexos;Centro Público;No usuario de las TIC;0
Total Nacional;17 Rioja, La;Ambos sexos;Centro Público;No consta;7
Total Nacional;17 Rioja, La;Ambos sexos;Centro Privado;Total;849
Total Nacional;17 Rioja, La;Ambos sexos;Centro Privado;Usuario experto;126
Total Nacional;17 Rioja, La;Ambos sexos;Centro Privado;Usuario de nivel avanzado;518
Total Nacional;17 Rioja, La;Ambos sexos;Centro Privado;Usuario de nivel básico;205
Total Nacional;17 Rioja, La;Ambos sexos;Centro Privado;No usuario de las TIC;0
Total Nacional;17 Rioja, La;Ambos sexos;Centro Privado;No consta;0
Total Nacional;17 Rioja, La;Hombres;Total;Total;996
Total Nacional;17 Rioja, La;Hombres;Total;Usuario experto;270
Total Nacional;17 Rioja, La;Hombres;Total;Usuario de nivel avanzado;521
Total Nacional;17 Rioja, La;Hombres;Total;Usuario de nivel básico;197
Total Nacional;17 Rioja, La;Hombres;Total;No usuario de las TIC;0
Total Nacional;17 Rioja, La;Hombres;Total;No consta;7
Total Nacional;17 Rioja, La;Hombres;Centro Público;Total;592
Total Nacional;17 Rioja, La;Hombres;Centro Público;Usuario experto;170
Total Nacional;17 Rioja, La;Hombres;Centro Público;Usuario de nivel avanzado;311
Total Nacional;17 Rioja, La;Hombres;Centro Público;Usuario de nivel básico;104
Total Nacional;17 Rioja, La;Hombres;Centro Público;No usuario de las TIC;0
Total Nacional;17 Rioja, La;Hombres;Centro Público;No consta;7
Total Nacional;17 Rioja, La;Hombres;Centro Privado;Total;404
Total Nacional;17 Rioja, La;Hombres;Centro Privado;Usuario experto;100
Total Nacional;17 Rioja, La;Hombres;Centro Privado;Usuario de nivel avanzado;210
Total Nacional;17 Rioja, La;Hombres;Centro Privado;Usuario de nivel básico;94
Total Nacional;17 Rioja, La;Hombres;Centro Privado;No usuario de las TIC;0
Total Nacional;17 Rioja, La;Hombres;Centro Privado;No consta;0
Total Nacional;17 Rioja, La;Mujeres;Total;Total;1.100
Total Nacional;17 Rioja, La;Mujeres;Total;Usuario experto;120
Total Nacional;17 Rioja, La;Mujeres;Total;Usuario de nivel avanzado;673
Total Nacional;17 Rioja, La;Mujeres;Total;Usuario de nivel básico;308
Total Nacional;17 Rioja, La;Mujeres;Total;No usuario de las TIC;0
Total Nacional;17 Rioja, La;Mujeres;Total;No consta;0
Total Nacional;17 Rioja, La;Mujeres;Centro Público;Total;655
Total Nacional;17 Rioja, La;Mujeres;Centro Público;Usuario experto;94
Total Nacional;17 Rioja, La;Mujeres;Centro Público;Usuario de nivel avanzado;365
Total Nacional;17 Rioja, La;Mujeres;Centro Público;Usuario de nivel básico;197
Total Nacional;17 Rioja, La;Mujeres;Centro Público;No usuario de las TIC;0
Total Nacional;17 Rioja, La;Mujeres;Centro Público;No consta;0
Total Nacional;17 Rioja, La;Mujeres;Centro Privado;Total;445
Total Nacional;17 Rioja, La;Mujeres;Centro Privado;Usuario experto;26
Total Nacional;17 Rioja, La;Mujeres;Centro Privado;Usuario de nivel avanzado;308
Total Nacional;17 Rioja, La;Mujeres;Centro Privado;Usuario de nivel básico;111
Total Nacional;17 Rioja, La;Mujeres;Centro Privado;No usuario de las TIC;0
Total Nacional;17 Rioja, La;Mujeres;Centro Privado;No consta;0
Total Nacional;18 Ceuta;Ambos sexos;Total;Total;638
Total Nacional;18 Ceuta;Ambos sexos;Total;Usuario experto;105
Total Nacional;18 Ceuta;Ambos sexos;Total;Usuario de nivel avanzado;358
Total Nacional;18 Ceuta;Ambos sexos;Total;Usuario de nivel básico;175
Total Nacional;18 Ceuta;Ambos sexos;Total;No usuario de las TIC;0
Total Nacional;18 Ceuta;Ambos sexos;Total;No consta;0
Total Nacional;18 Ceuta;Ambos sexos;Centro Público;Total;432
Total Nacional;18 Ceuta;Ambos sexos;Centro Público;Usuario experto;87
Total Nacional;18 Ceuta;Ambos sexos;Centro Público;Usuario de nivel avanzado;244
Total Nacional;18 Ceuta;Ambos sexos;Centro Público;Usuario de nivel básico;102
Total Nacional;18 Ceuta;Ambos sexos;Centro Público;No usuario de las TIC;0
Total Nacional;18 Ceuta;Ambos sexos;Centro Público;No consta;0
Total Nacional;18 Ceuta;Ambos sexos;Centro Privado;Total;206
Total Nacional;18 Ceuta;Ambos sexos;Centro Privado;Usuario experto;19
Total Nacional;18 Ceuta;Ambos sexos;Centro Privado;Usuario de nivel avanzado;114
Total Nacional;18 Ceuta;Ambos sexos;Centro Privado;Usuario de nivel básico;74
Total Nacional;18 Ceuta;Ambos sexos;Centro Privado;No usuario de las TIC;0
Total Nacional;18 Ceuta;Ambos sexos;Centro Privado;No consta;0
Total Nacional;18 Ceuta;Hombres;Total;Total;281
Total Nacional;18 Ceuta;Hombres;Total;Usuario experto;82
Total Nacional;18 Ceuta;Hombres;Total;Usuario de nivel avanzado;128
Total Nacional;18 Ceuta;Hombres;Total;Usuario de nivel básico;71
Total Nacional;18 Ceuta;Hombres;Total;No usuario de las TIC;0
Total Nacional;18 Ceuta;Hombres;Total;No consta;0
Total Nacional;18 Ceuta;Hombres;Centro Público;Total;182
Total Nacional;18 Ceuta;Hombres;Centro Público;Usuario experto;69
Total Nacional;18 Ceuta;Hombres;Centro Público;Usuario de nivel avanzado;73
Total Nacional;18 Ceuta;Hombres;Centro Público;Usuario de nivel básico;40
Total Nacional;18 Ceuta;Hombres;Centro Público;No usuario de las TIC;0
Total Nacional;18 Ceuta;Hombres;Centro Público;No consta;0
Total Nacional;18 Ceuta;Hombres;Centro Privado;Total;99
Total Nacional;18 Ceuta;Hombres;Centro Privado;Usuario experto;13
Total Nacional;18 Ceuta;Hombres;Centro Privado;Usuario de nivel avanzado;55
Total Nacional;18 Ceuta;Hombres;Centro Privado;Usuario de nivel básico;31
Total Nacional;18 Ceuta;Hombres;Centro Privado;No usuario de las TIC;0
Total Nacional;18 Ceuta;Hombres;Centro Privado;No consta;0
Total Nacional;18 Ceuta;Mujeres;Total;Total;357
Total Nacional;18 Ceuta;Mujeres;Total;Usuario experto;23
Total Nacional;18 Ceuta;Mujeres;Total;Usuario de nivel avanzado;230
Total Nacional;18 Ceuta;Mujeres;Total;Usuario de nivel básico;104
Total Nacional;18 Ceuta;Mujeres;Total;No usuario de las TIC;0
Total Nacional;18 Ceuta;Mujeres;Total;No consta;0
Total Nacional;18 Ceuta;Mujeres;Centro Público;Total;250
Total Nacional;18 Ceuta;Mujeres;Centro Público;Usuario experto;17
Total Nacional;18 Ceuta;Mujeres;Centro Público;Usuario de nivel avanzado;170
Total Nacional;18 Ceuta;Mujeres;Centro Público;Usuario de nivel básico;62
Total Nacional;18 Ceuta;Mujeres;Centro Público;No usuario de las TIC;0
Total Nacional;18 Ceuta;Mujeres;Centro Público;No consta;0
Total Nacional;18 Ceuta;Mujeres;Centro Privado;Total;107
Total Nacional;18 Ceuta;Mujeres;Centro Privado;Usuario experto;6
Total Nacional;18 Ceuta;Mujeres;Centro Privado;Usuario de nivel avanzado;59
Total Nacional;18 Ceuta;Mujeres;Centro Privado;Usuario de nivel básico;42
Total Nacional;18 Ceuta;Mujeres;Centro Privado;No usuario de las TIC;0
Total Nacional;18 Ceuta;Mujeres;Centro Privado;No consta;0
Total Nacional;19 Melilla;Ambos sexos;Total;Total;720
Total Nacional;19 Melilla;Ambos sexos;Total;Usuario experto;128
Total Nacional;19 Melilla;Ambos sexos;Total;Usuario de nivel avanzado;371
Total Nacional;19 Melilla;Ambos sexos;Total;Usuario de nivel básico;203
Total Nacional;19 Melilla;Ambos sexos;Total;No usuario de las TIC;6
Total Nacional;19 Melilla;Ambos sexos;Total;No consta;13
Total Nacional;19 Melilla;Ambos sexos;Centro Público;Total;618
Total Nacional;19 Melilla;Ambos sexos;Centro Público;Usuario experto;128
Total Nacional;19 Melilla;Ambos sexos;Centro Público;Usuario de nivel avanzado;327
Total Nacional;19 Melilla;Ambos sexos;Centro Público;Usuario de nivel básico;157
Total Nacional;19 Melilla;Ambos sexos;Centro Público;No usuario de las TIC;6
Total Nacional;19 Melilla;Ambos sexos;Centro Público;No consta;0
Total Nacional;19 Melilla;Ambos sexos;Centro Privado;Total;102
Total Nacional;19 Melilla;Ambos sexos;Centro Privado;Usuario experto;0
Total Nacional;19 Melilla;Ambos sexos;Centro Privado;Usuario de nivel avanzado;43
Total Nacional;19 Melilla;Ambos sexos;Centro Privado;Usuario de nivel básico;46
Total Nacional;19 Melilla;Ambos sexos;Centro Privado;No usuario de las TIC;0
Total Nacional;19 Melilla;Ambos sexos;Centro Privado;No consta;13
Total Nacional;19 Melilla;Hombres;Total;Total;332
Total Nacional;19 Melilla;Hombres;Total;Usuario experto;74
Total Nacional;19 Melilla;Hombres;Total;Usuario de nivel avanzado;172
Total Nacional;19 Melilla;Hombres;Total;Usuario de nivel básico;81
Total Nacional;19 Melilla;Hombres;Total;No usuario de las TIC;6
Total Nacional;19 Melilla;Hombres;Total;No consta;0
Total Nacional;19 Melilla;Hombres;Centro Público;Total;292
Total Nacional;19 Melilla;Hombres;Centro Público;Usuario experto;74
Total Nacional;19 Melilla;Hombres;Centro Público;Usuario de nivel avanzado;152
Total Nacional;19 Melilla;Hombres;Centro Público;Usuario de nivel básico;61
Total Nacional;19 Melilla;Hombres;Centro Público;No usuario de las TIC;6
Total Nacional;19 Melilla;Hombres;Centro Público;No consta;0
Total Nacional;19 Melilla;Hombres;Centro Privado;Total;40
Total Nacional;19 Melilla;Hombres;Centro Privado;Usuario experto;0
Total Nacional;19 Melilla;Hombres;Centro Privado;Usuario de nivel avanzado;20
Total Nacional;19 Melilla;Hombres;Centro Privado;Usuario de nivel básico;20
Total Nacional;19 Melilla;Hombres;Centro Privado;No usuario de las TIC;0
Total Nacional;19 Melilla;Hombres;Centro Privado;No consta;0
Total Nacional;19 Melilla;Mujeres;Total;Total;388
Total Nacional;19 Melilla;Mujeres;Total;Usuario experto;55
Total Nacional;19 Melilla;Mujeres;Total;Usuario de nivel avanzado;199
Total Nacional;19 Melilla;Mujeres;Total;Usuario de nivel básico;122
Total Nacional;19 Melilla;Mujeres;Total;No usuario de las TIC;0
Total Nacional;19 Melilla;Mujeres;Total;No consta;13
Total Nacional;19 Melilla;Mujeres;Centro Público;Total;326
Total Nacional;19 Melilla;Mujeres;Centro Público;Usuario experto;55
Total Nacional;19 Melilla;Mujeres;Centro Público;Usuario de nivel avanzado;175
Total Nacional;19 Melilla;Mujeres;Centro Público;Usuario de nivel básico;96
Total Nacional;19 Melilla;Mujeres;Centro Público;No usuario de las TIC;0
Total Nacional;19 Melilla;Mujeres;Centro Público;No consta;0
Total Nacional;19 Melilla;Mujeres;Centro Privado;Total;62
Total Nacional;19 Melilla;Mujeres;Centro Privado;Usuario experto;0
Total Nacional;19 Melilla;Mujeres;Centro Privado;Usuario de nivel avanzado;23
Total Nacional;19 Melilla;Mujeres;Centro Privado;Usuario de nivel básico;26
Total Nacional;19 Melilla;Mujeres;Centro Privado;No usuario de las TIC;0
Total Nacional;19 Melilla;Mujeres;Centro Privado;No consta;13
